Name;Category;Price;Image
ABC Kecap Manis Pouch (300gr);Bahan & Bumbu Masak;11.000;image001.webp
ABC Saus Tomat (135ml);Bahan & Bumbu Masak;6.650;image002.webp
Aice 3 In 1 (160ml);Produk Dairy & Olahan Lain;10.000;image003.webp
Aice Bingo Aice Chocolate (40gr);Produk Dairy & Olahan Lain;2.500;image004.webp
Aice Bingo Cookies Cone (100ml);Produk Dairy & Olahan Lain;6.000;image005.webp
Aice Blueberry Cookies Stick (65gr);Produk Dairy & Olahan Lain;6.000;image006.webp
Aice Brown Sugar Boba;Produk Dairy & Olahan Lain;6.000;image007.webp
Aice Choco Malt Stick (49ml);Produk Dairy & Olahan Lain;2.000;image008.webp
Aice Choco Melt (100ml);Produk Dairy & Olahan Lain;5.000;image009.webp
Aice Chocolate 2 Colors (50ml);Produk Dairy & Olahan Lain;3.000;image010.webp
Aice Chocolate Crispy (60gr);Produk Dairy & Olahan Lain;5.000;image011.webp
Aice Chocolate Max Cone (100ml);Produk Dairy & Olahan Lain;7.000;image012.webp
Aice Coffee Crispy (45gr);Produk Dairy & Olahan Lain;3.500;image013.webp
Aice Crispy Balls (65gr);Produk Dairy & Olahan Lain;5.000;image014.webp
Aice Es Jeruk (60gr);Produk Dairy & Olahan Lain;2.000;image015.webp
Aice Freezy Choco (65ml);Produk Dairy & Olahan Lain;2.500;image016.webp
Aice Fruit Twister (65ml);Produk Dairy & Olahan Lain;3.500;image017.webp
Aice Fruity Roll Stick (60ml);Produk Dairy & Olahan Lain;3.500;image018.webp
Aice Fruizzy Bluberry Youghurt  Stick (70ml);Produk Dairy & Olahan Lain;3.000;image019.webp
Aice Fruizzy Grape Stick (70ml);Produk Dairy & Olahan Lain;2.500;image020.webp
Aice Funky Milk;Produk Dairy & Olahan Lain;3.000;image021.webp
Aice Goal Stick (70ml);Produk Dairy & Olahan Lain;4.000;image022.webp
Aice Lolly Pineapple Stick (55ml);Produk Dairy & Olahan Lain;3.000;image023.webp
Aice Mango Slush (65gr);Produk Dairy & Olahan Lain;4.000;image024.webp
Aice Markisa (55ml);Produk Dairy & Olahan Lain;2.000;image025.webp
Aice Miki Miki (30gr);Produk Dairy & Olahan Lain;2.500;image026.webp
Aice Miki-Miki Double Chocolate (35ml);Produk Dairy & Olahan Lain;2.000;image027.webp
Aice Milk Cereal Crispy Stick (49ml);Produk Dairy & Olahan Lain;4.000;image028.webp
Aice Milk Melon (50gr);Produk Dairy & Olahan Lain;3.000;image029.webp
Aice Mooochi Banana (45ml);Produk Dairy & Olahan Lain;3.000;image030.webp
Aice Mooochi Chocolate (30gr);Produk Dairy & Olahan Lain;3.000;image031.webp
Aice Mooochi Durian (45ml);Produk Dairy & Olahan Lain;3.000;image032.webp
Aice Mooochi Klepon (45ml);Produk Dairy & Olahan Lain;3.000;image033.webp
Aice Mooochi Peach (45ml);Produk Dairy & Olahan Lain;3.000;image034.webp
Aice Mooochi Red Bean premium;Produk Dairy & Olahan Lain;5.000;image035.webp
Aice Mooochi Vanilla (30gr);Produk Dairy & Olahan Lain;3.000;image036.webp
Aice Moong Bean Stick (70ml);Produk Dairy & Olahan Lain;4.500;image037.webp
Aice Nanas (65gr);Produk Dairy & Olahan Lain;2.500;image038.webp
Aice Semangka (65gr);Produk Dairy & Olahan Lain;2.000;image039.webp
Aice Strawberry Cone;Produk Dairy & Olahan Lain;7.000;image040.webp
Aice Strawberry Crispy (90ml);Produk Dairy & Olahan Lain;3.500;image041.webp
Aice Strawbery Max Cone;Produk Dairy & Olahan Lain;7.000;image042.webp
Aice Sundae Chocolate Cup (100ml);Produk Dairy & Olahan Lain;5.000;image043.webp
Aice Sundae Strawberry Cup (100ml);Produk Dairy & Olahan Lain;5.000;image044.webp
Aice Sweet Corn New (52gr);Produk Dairy & Olahan Lain;3.000;image045.webp
Aice Taro Crispy (50ml);Produk Dairy & Olahan Lain;3.500;image046.webp
Aice Vanilla Chocolate Cup;Produk Dairy & Olahan Lain;4.000;image047.webp
Akumo Chicken Nugget (250gr);Makanan Beku;13.500;image048.webp
Akumo Chicken Nugget (500gr);Makanan Beku;24.000;image049.webp
Akumo Chicken Stick (500gr);Makanan Beku;25.500;image050.webp
Akumo Chicken Stick (250gr);Makanan Beku;13.500;image051.webp
Akumo Koin Kombinasi (200gr);Makanan Beku;9.000;image052.webp
Akumo Koin Kombinasi (400gr);Makanan Beku;18.500;image053.webp
Akumo Nuget (1kg);Makanan Beku;46.000;image054.webp
Alien Otak-Otak Premium (250gr);Makanan Beku;10.000;image055.webp
Alien Otak-Otak Gold (250gr);Makanan Beku;7.000;image056.webp
Alien Otak-Otak Premium (500gr);Makanan Beku;19.000;image057.webp
Aqua Air Mineral (330ml);Minuman Kemasan;2.500;image058.webp
Aqua Air Mineral (600ml);Minuman Kemasan;4.000;image059.webp
Ardena Egg Money Bag (300gr);Makanan Beku;19.000;image060.webp
Ardena Fish Roll (250gr);Makanan Beku;14.500;image061.webp
Ardena Fish Roll (500gr);Makanan Beku;28.500;image062.webp
Ardena Fish Roll Ekonomis (200gr);Makanan Beku;12.500;image063.webp
Ardena Fish Roll Ekonomis(500gr);Makanan Beku;24.000;image064.webp
Ardena Siomay Ayam (250gr);Makanan Beku;18.000;image065.webp
Ardena Siomay Ayam (500gr);Makanan Beku;34.500;image066.webp
Ardena Siomay Udang (250gr);Makanan Beku;18.000;image067.webp
Ardena Siomay Udang (500gr);Makanan Beku;36.000;image068.webp
Arios Rendang Potong (500gr);Makanan Beku;60.000;image069.webp
Asimo Nugget Kombinasi (1kg);Makanan Beku;40.000;image070.webp
Asimo Nugget Kombinasi (250gr);Makanan Beku;10.000;image071.webp
Asimo Nugget Kombinasi (500gr);Makanan Beku;20.000;image072.webp
Asimo Nugget Stick (500gr);Makanan Beku;20.000;image073.webp
Asimo Nugget Kombinasi (250gr) Bentuk S;Makanan Beku;10.000;image074.webp
Asimo Nugget Kombinasi (450gr) Bentuk S;Makanan Beku;18.000;image075.webp
Asimo Sosis Ayam Kombinasi (1000gr);Makanan Beku;38.000;image076.webp
Asimo Sosis Ayam Kombinasi (375gr);Makanan Beku;14.000;image077.webp
Asimo Sosis Ayam Kombinasi (500gr);Makanan Beku;20.500;image078.webp
Asimo Stick Kombinasi (250gr);Makanan Beku;10.000;image079.webp
Bango Kecap Manis (25gr);Bahan & Bumbu Masak;1.000;image080.webp
Bango Kecap Manis (265gr);Bahan & Bumbu Masak;10.000;image081.webp
Bango Kecap Manis (700gr);Bahan & Bumbu Masak;24.000;image082.webp
Baraya Kulit Lumpia (23cm);Makanan Beku;6.000;image083.webp
Baraya Kulit Pangsit (250gr);Makanan Beku;7.500;image084.webp
Beef Slice Teriyaki (500gr);Makanan Beku;58.000;image085.webp
Belfood Chicken Nugget Stick Uenaak (250gr);Makanan Beku;13.000;image086.webp
Belfood Favorite Chicken Nugget Ceria (170gr);Makanan Beku;12.000;image087.webp
Belfood Favorite Chicken Nugget Stick (170gr);Makanan Beku;12.000;image088.webp
Belfood Favorite Crunchy Nugget (140gr);Makanan Beku;12.500;image089.webp
Belfood Favorite Kentang (175gr);Makanan Beku;12.000;image090.webp
Belfood Favorite Nugget Sp (170gr);Makanan Beku;12.000;image091.webp
Belfood Uenaak Nugget Crispy (90gr);Makanan Beku;7.500;image092.webp
Belfood Uenaak Nugget S (250gr);Makanan Beku;13.000;image093.webp
Belibis Cabe Value (1kg);Bahan & Bumbu Masak;24.500;image094.webp
Belibis Saus Cabe (135ml);Bahan & Bumbu Masak;7.500;image095.webp
Belibis Saus Cabe (340ml);Bahan & Bumbu Masak;20.000;image096.webp
Beres Sosis Ori (13pcs);Makanan Beku;37.000;image097.webp
Beres Sosis Ori (7pcs);Makanan Beku;37.000;image098.webp
Bernardi Bun Mini Tray (20pcs);Makanan Beku;26.000;image099.webp
Bernardi Bun Mini Wijen Tray (20pcs);Makanan Beku;28.000;image100.webp
Bernardi Burger Polos (6pcs);Makanan Beku;13.500;image101.webp
Bernardi Burger Wijen (6pcs);Makanan Beku;15.500;image102.webp
Bernardi Spicy Chicken Wing (380gr);Makanan Beku;40.000;image103.webp
Bimoli Minyak Goreng (1liter);Bahan & Bumbu Masak;21.500;image104.webp
Blueband (200gr);Bahan & Bumbu Masak;11.000;image105.webp
Bogasari Terigu Segitiga Biru (1000gr);Bahan & Bumbu Masak;12.000;image106.webp
Bogasari Terigu Segitiga Biru (250gr);Bahan & Bumbu Masak;4.000;image107.webp
Bogasari Terigu Segitiga Biru Premium (1000gr);Bahan & Bumbu Masak;12.500;image108.webp
Bumbu Racik Ayam Goreng (26gr);Bahan & Bumbu Masak;2.000;image109.webp
Bumbu Racik Ikan Goreng (20gr);Bahan & Bumbu Masak;2.000;image110.webp
Bumbu Tomyum (75gr);Bahan & Bumbu Masak;10.000;image111.webp
Cedea Baso Ikan Besar (500gr);Makanan Beku;26.000;image112.webp
Cedea Baso Udang (500gr);Makanan Beku;30.000;image113.webp
Cedea Chikuwa Long (1kg);Makanan Beku;57.500;image114.webp
Cedea Chikuwa Long (480gr);Makanan Beku;28.500;image115.webp
Cedea Chikuwa Mini (1kg);Makanan Beku;57.500;image116.webp
Cedea Chikuwa Mini (250gr);Makanan Beku;17.000;image117.webp
Cedea Chikuwa Mini (500gr);Makanan Beku;28.500;image118.webp
Cedea Crab Nugget (500gr);Makanan Beku;29.000;image119.webp
Cedea Crab Stick (1kg);Makanan Beku;55.000;image120.webp
Cedea Crab Stick (250gr);Makanan Beku;16.000;image121.webp
Cedea Dumpling Spicy Chicken (500gr);Makanan Beku;31.000;image122.webp
Cedea Duo Twister (500gr);Makanan Beku;26.000;image123.webp
Cedea Farm Animal (500gr);Makanan Beku;50.000;image124.webp
Cedea Fish Dumpling Cheese (200gr);Makanan Beku;16.500;image125.webp
Cedea Fish Dumpling Cheese (500gr);Makanan Beku;28.500;image126.webp
Cedea Fish Dumpling Chicken (200gr);Makanan Beku;16.500;image127.webp
Cedea Fish Dumpling Chicken (500gr);Makanan Beku;28.500;image128.webp
Cedea Fish Dumpling Chicken Curry (500gr);Makanan Beku;28.500;image129.webp
Cedea Fish Roll (1kg);Makanan Beku;50.500;image130.webp
Cedea Fish Roll 10 (250gr);Makanan Beku;16.000;image131.webp
Cedea Fish Roll Original (500gr);Makanan Beku;25.500;image132.webp
Cedea Fish Roll Spicy (500gr);Makanan Beku;30.500;image133.webp
Cedea Flower Twister (500gr);Makanan Beku;26.000;image134.webp
Cedea Korean Odeng Ori (480gr);Makanan Beku;29.500;image135.webp
Cedea Korean Odeng Spicy (480gr);Makanan Beku;30.500;image136.webp
Cedea Kue Ikan Cabe (500gr);Makanan Beku;27.500;image137.webp
Cedea Lobster Ball (500gr);Makanan Beku;30.000;image138.webp
Cedea Magic Bomb Kembang Cumi (450gr);Makanan Beku;32.000;image139.webp
Cedea Oriental Cartoon  (500gr);Makanan Beku;50.000;image140.webp
Cedea Oriental Cartoon (200gr);Makanan Beku;26.000;image141.webp
Cedea Otak-Otak Ala Singapore (1000gr);Makanan Beku;54.000;image142.webp
Cedea Otak-Otak Ala Singapore (500gr);Makanan Beku;28.500;image143.webp
Cedea Panda Fish (200gr);Makanan Beku;28.500;image144.webp
Cedea Salmon Ball (500gr);Makanan Beku;28.000;image145.webp
Cedea Seafood Tofu (500gr);Makanan Beku;30.000;image146.webp
Cedea Shrimp Ball (500gr);Makanan Beku;26.500;image147.webp
Cedea Shrimp Tail (450gr);Makanan Beku;36.500;image148.webp
Cedea Sosis Premium Salmon (500gr);Makanan Beku;37.000;image149.webp
Cedea Steamboat Dashi (300gr);Makanan Beku;23.500;image150.webp
Cedea Steamboat Set (300gr);Makanan Beku;23.500;image151.webp
Cedea Steamboat Tomyum (300gr);Makanan Beku;23.500;image152.webp
Cedea Tahu Baso Seafood (500gr);Makanan Beku;25.000;image153.webp
Champ Beef Sausage (375gr);Makanan Beku;34.000;image154.webp
Champ Burger (315gr);Makanan Beku;19.500;image155.webp
Champ Chicken & Fish Siomay (180gr);Makanan Beku;14.000;image156.webp
Champ Chicken ball (200gr);Makanan Beku;12.000;image157.webp
Champ Chicken Ball (500gr);Makanan Beku;26.000;image158.webp
Champ Chicken Nugget 123 (500gr);Makanan Beku;37.000;image159.webp
Champ Chicken Sausage (1kg);Makanan Beku;45.500;image160.webp
Champ Chicken Sausage (375gr);Makanan Beku;18.500;image161.webp
Champ Chicken Sausage (500gr);Makanan Beku;25.500;image162.webp
Champ Chicken Stick (250gr);Makanan Beku;20.000;image163.webp
Champ Chiken Naget 123 (450gr);Makanan Beku;35.000;image164.webp
Champ Chiken Nugget Stik (900gr);Makanan Beku;73.000;image165.webp
Champ Crunchy Hotzz (300gr);Makanan Beku;24.000;image166.webp
Champ Crunchy Nugget (225gr);Makanan Beku;18.500;image167.webp
Champ Crunchy Nugget (450gr);Makanan Beku;34.000;image168.webp
Champ Mitra Chicken Stick (500gr);Makanan Beku;40.000;image169.webp
Champ Nugget Coin (450gr);Makanan Beku;35.000;image170.webp
Champ Nugget (250gr);Makanan Beku;20.000;image171.webp
Champ Nugget (500gr);Makanan Beku;39.000;image172.webp
Champ Nugget ABC (225gr);Makanan Beku;18.500;image173.webp
Champ Nugget ABC (450gr);Makanan Beku;35.000;image174.webp
Champ Nugget Ayam (450gr);Makanan Beku;36.000;image175.webp
Champ Nugget Chicken Stick (1kg);Makanan Beku;71.500;image176.webp
Champ Nugget Coin (250gr);Makanan Beku;22.500;image177.webp
Champ Nugget Coin (500gr);Makanan Beku;37.000;image178.webp
Champ Nugget Hotzz Level 5 (500gr);Makanan Beku;39.000;image179.webp
Champ Nugget Kombinasi (225gr);Makanan Beku;18.500;image180.webp
Champ Nugget Kombinasi (900gr);Makanan Beku;65.000;image181.webp
Champ Nugget Kombinasi Stik (255gr);Makanan Beku;18.500;image182.webp
Champ Nugget Kombinasi Stik (450gr);Makanan Beku;36.000;image183.webp
Champ Sosis (3Pcs);Makanan Beku;5.000;image184.webp
Champ Sosis Ayam Isi 3 (75gr);Makanan Beku;5.000;image185.webp
Champ Sosis Bakar Jumbo (500gr);Makanan Beku;30.000;image186.webp
Champ Sosis Bakar Mini Isi 10 (500gr);Makanan Beku;30.000;image187.webp
Chn Frozen Potato Cut (2,5Kg);Makanan Beku;72.000;image188.webp
Cimanggis Bakso 168 (isi 50pcs);Makanan Beku;34.000;image189.webp
Cimanggis Bakso 77 (10pcs);Makanan Beku;3.500;image190.webp
Cimanggis Bakso 77 (50pcs);Makanan Beku;16.000;image191.webp
Cimanggis Bakso Htm (25pcs);Makanan Beku;17.000;image192.webp
Cimanggis Bakso168 (25pcs);Makanan Beku;17.000;image193.webp
Cimanggis Brekele (5pcs);Makanan Beku;16.000;image194.webp
Cimanggis Hitam (50Pcs);Makanan Beku;17.500;image195.webp
Cimanggis Polos (50pcs);Makanan Beku;27.000;image196.webp
Cimanggis Sbb (50pcs);Makanan Beku;60.000;image197.webp
Cimanggis Special (25pcs);Makanan Beku;19.000;image198.webp
Cimanggis Special (50pcs);Makanan Beku;19.000;image199.webp
Cimanggis Urat (25pcs);Makanan Beku;21.500;image200.webp
Cireng Kriwil Nyi Iteung;Makanan Beku;12.500;image201.webp
Daging Slice Yoshi(500gr);Makanan Beku;55.000;image202.webp
Diamond Uht Bubblegum (125ml);Produk Dairy & Olahan Lain;3.000;image203.webp
Danish Pastry Sheet (750gr);Makanan Beku;43.500;image204.webp
Del Monte Barbeque Sauce (250gr);Bahan & Bumbu Masak;10.000;image205.webp
Del Monte Berbeque Standing (1kg);Bahan & Bumbu Masak;35.000;image206.webp
Del Monte Blackpepper Stand (250gr);Bahan & Bumbu Masak;11.000;image207.webp
Del Monte Cs Spaghety Pouch (250gr);Bahan & Bumbu Masak;10.000;image208.webp
Del Monte Exhot Stand Pouch (500gr);Bahan & Bumbu Masak;13.500;image209.webp
Del Monte Extra Hot (135ml);Bahan & Bumbu Masak;7.000;image210.webp
Del Monte Extra Hot (190ml);Bahan & Bumbu Masak;10.000;image211.webp
Del Monte Extra Hot Pet (265ml);Bahan & Bumbu Masak;11.500;image212.webp
Del Monte Extra Hot Pounch (200gr);Bahan & Bumbu Masak;7.000;image213.webp
Del Monte Extra Hot Sachet (24x8gr);Bahan & Bumbu Masak;7.500;image214.webp
Del Monte Extra Hot Std Pounch (1kg);Bahan & Bumbu Masak;24.000;image215.webp
Del Monte Korean Bbq Stand (250ml);Bahan & Bumbu Masak;11.000;image216.webp
Del Monte Saus Tomat Pouch (200gr);Bahan & Bumbu Masak;6.500;image217.webp
Del Monte Tomat Botol (190ml);Bahan & Bumbu Masak;9.500;image218.webp
Del Monte Tomat Pet (265ml);Bahan & Bumbu Masak;10.000;image219.webp
Del Monte Tomato Stand Pouch (500gr);Bahan & Bumbu Masak;10.000;image220.webp
Del Monte Tomato Standing Pouch (1kg);Bahan & Bumbu Masak;17.500;image221.webp
Del MonteTomate (135ml);Bahan & Bumbu Masak;6.500;image222.webp
Del MonteTomato Sachet;Bahan & Bumbu Masak;6.500;image223.webp
Delimax Herbs Sausage (360gr);Makanan Beku;45.000;image224.webp
Delimax Ori Sausage (360gr);Makanan Beku;45.000;image225.webp
Delimax Smoked Beef (200gr);Makanan Beku;19.500;image226.webp
Delimax Smoke Beef Ori (500gr);Makanan Beku;44.500;image227.webp
Delimax Smoke Spicy Chicken Wings (500gr);Makanan Beku;46.000;image228.webp
Diamond Milk Full Cream (1Ltr);Produk Dairy & Olahan Lain;20.000;image229.webp
Diamond UHT Chocolate (125ml);Produk Dairy & Olahan Lain;3.000;image230.webp
Diamond UHT Chocolate (1ltr);Produk Dairy & Olahan Lain;20.000;image231.webp
Diamond UHT Full Cream (125ml);Produk Dairy & Olahan Lain;3.000;image232.webp
Diamond UHT Milk Marshmallow (125ml);Produk Dairy & Olahan Lain;3.000;image233.webp
Diamond UHT Strawberry (125ml);Produk Dairy & Olahan Lain;3.000;image234.webp
Donat Pelangi Jumbo 10 (500gr);Makanan Beku;16.500;image235.webp
Dori Fillet (1kg);Makanan Beku;41.000;image236.webp
Ebi Fry Tray;Makanan Beku;27.000;image237.webp
Eco Saos Extra Pedas (1kg);Bahan & Bumbu Masak;12.000;image238.webp
Eomuk Bar Cheese (200gr);Makanan Beku;20.000;image239.webp
Eomuk Bar Veggie (200gr);Makanan Beku;18.500;image240.webp
Edo Coklat Jumbo (10pcs);Bahan Kue & Dessert;13.500;image241.webp
Edo Coklat Mini (20pcs);Bahan Kue & Dessert;17.000;image242.webp
Edo Kentang Jumbo (10pcs);Bahan Kue & Dessert;13.500;image243.webp
Edo Kentang Mini (20pcs);Bahan Kue & Dessert;16.500;image244.webp
Edo Puff Pastry Sheet (750gr);Makanan Beku;43.000;image245.webp
Edo Susu Jumbo (10pcs);Bahan Kue & Dessert;13.500;image246.webp
Edo Susu Mini (20pcs);Bahan Kue & Dessert;17.000;image247.webp
Edo Ubi Ungu Jumbo (10pcs);Bahan Kue & Dessert;13.000;image248.webp
Edo Ubi Ungu Mini (10pcs);Bahan Kue & Dessert;16.500;image249.webp
Fg Rendang Potong (1kg);Makanan Beku;115.000;image250.webp
Fg Rendang Potong (500gr);Makanan Beku;55.000;image251.webp
Fiesta  Nugget Cheese 123 (500gr);Makanan Beku;52.000;image252.webp
Fiesta Cheesy Lover (400gr);Makanan Beku;49.500;image253.webp
Fiesta Cheesy Lover (500gr);Makanan Beku;64.000;image254.webp
Fiesta Chicken Nugget (400gr);Makanan Beku;42.500;image255.webp
Fiesta Cordon Bleu Bbq Sauce (500gr);Makanan Beku;76.000;image256.webp
Fiesta Crispy Bubble Nugget (400gr);Makanan Beku;38.000;image257.webp
Fiesta Crispy Bubble Nugget (500gr);Makanan Beku;45.500;image258.webp
Fiesta Crispy Crunch (300gr);Makanan Beku;28.500;image259.webp
Fiesta Kentang (1kg);Makanan Beku;38.000;image260.webp
Fiesta Kentang (500gr);Makanan Beku;20.000;image261.webp
Fiesta Kentang Butter Coated (1kg);Makanan Beku;47.500;image262.webp
Fiesta Kentang Butter Coated (500gr);Makanan Beku;28.000;image263.webp
Fiesta Krinkel Shoestring (1kg);Makanan Beku;40.000;image264.webp
Fiesta Krinkel Shoestring (500gr);Makanan Beku;22.000;image265.webp
Fiesta Mitra Karage (400gr);Makanan Beku;43.000;image266.webp
Fiesta Mitra Karage (500gr);Makanan Beku;52.000;image267.webp
Fiesta Nugget Dino (500gr);Makanan Beku;54.000;image268.webp
Fiesta Nuget Zoo (500gr);Makanan Beku;53.000;image269.webp
Fiesta Nugget (200gr);Makanan Beku;22.000;image270.webp
Fiesta Nugget (250gr);Makanan Beku;28.500;image271.webp
Fiesta Nugget Cheese 123 (400gr);Makanan Beku;40.000;image272.webp
Fiesta Nugget Dino (400gr);Makanan Beku;45.000;image273.webp
Fiesta Nugget Pizza ABC (400gr);Makanan Beku;42.500;image274.webp
Fiesta Nugget Pizza ABC (500gr);Makanan Beku;53.000;image275.webp
Fiesta Nugget Stikie (250gr);Makanan Beku;28.500;image276.webp
Fiesta Nugget Zoo (400gr);Makanan Beku;43.000;image277.webp
Fiesta Pok-Pok (400gr);Makanan Beku;45.000;image278.webp
Fiesta Ready To Go Korean Spicy (65gr);Makanan Beku;7.500;image279.webp
Fiesta Ready To Go Sausage (65gr);Makanan Beku;7.500;image280.webp
Fiesta Rtg Cheesy Melts (65gr);Makanan Beku;7.500;image281.webp
Fiesta Rtg Chicken Cheesy Melts (65gr);Makanan Beku;7.500;image282.webp
Fiesta Spicy Chick (400gr);Makanan Beku;44.000;image283.webp
Fiesta Spicy Chick (500gr);Makanan Beku;50.000;image284.webp
Fiesta Spicy Karage (400gr);Makanan Beku;44.000;image285.webp
Fiesta Spicy Karage (500gr);Makanan Beku;57.000;image286.webp
Fiesta Spicy Nugget (500gr);Makanan Beku;51.000;image287.webp
Fiesta Spicy Wing (400gr);Makanan Beku;56.000;image288.webp
Fiesta Spicy Wings (500gr);Makanan Beku;68.000;image289.webp
Fiesta Stikie (200gr);Makanan Beku;22.500;image290.webp
Fiesta Stikie (400gr);Makanan Beku;45.000;image291.webp
Fiva Rolade Beef (250gr);Makanan Beku;18.500;image292.webp
Fiva Rolade Beef Roll;Makanan Beku;26.000;image293.webp
Fiva Rolade Chicken (250gr);Makanan Beku;18.000;image294.webp
Fiva Rolade Chicken Roll;Makanan Beku;24.500;image295.webp
Fiva Sosis Cocktail (250gr);Makanan Beku;25.000;image296.webp
Frozenland Mix Vegetable 3 Way;Makanan Beku;23.000;image297.webp
Aice Fruizzy Blueberry Youghurt Stick (70ml);Produk Dairy & Olahan Lain;3.000;image298.webp
Aice Fruizzy Lychee Yogu Stick (48ml);Produk Dairy & Olahan Lain;2.500;image299.webp
Fura Cheesy Fish Finger (500gr);Makanan Beku;41.000;image300.webp
Fura Fish Coin (500gr);Makanan Beku;20.000;image301.webp
Fura Fish Karage (500gr);Makanan Beku;34.000;image302.webp
Fura Fish Nugget (500gr);Makanan Beku;30.000;image303.webp
Fura Fish Roll (250gr);Makanan Beku;15.000;image304.webp
Fura Fish Roll (500gr);Makanan Beku;23.500;image305.webp
Fura Otak-Otak Ikan (500gr);Makanan Beku;15.500;image306.webp
Fura Salmon Nugget (500gr);Makanan Beku;42.000;image307.webp
Garam Meja Daun Yodium (250gr);Bahan & Bumbu Masak;3.500;image308.webp
Geboy Sosis Ayam Panjang Putih (1kg);Makanan Beku;34.000;image309.webp
Geboy Sosis Ayam Panjang Putih (500gr);Makanan Beku;18.000;image310.webp
Geboyku Koin (20pcs);Makanan Beku;15.500;image311.webp
Geboyku Sosis Ayam (500gr);Makanan Beku;18.000;image312.webp
Geboyku Sosis Ayam (730gr);Makanan Beku;26.000;image313.webp
Geboyku Sosis Ayam (1kg);Makanan Beku;35.500;image314.webp
Gogo Fries Shoestring (1kg);Makanan Beku;32.000;image315.webp
Golden Farm Mix Vegetable (1000gr);Makanan Beku;57.500;image316.webp
Gourmet Bbq (250gr);Bahan & Bumbu Masak;10.000;image317.webp
Gourmet Cheesesauce (500gr);Bahan & Bumbu Masak;22.500;image318.webp
Gourmet Extra Pedas (1kg);Bahan & Bumbu Masak;15.500;image319.webp
Gourmet Mayonaise (1kg);Bahan & Bumbu Masak;29.000;image320.webp
Gourmet Sambal (1kg);Bahan & Bumbu Masak;13.500;image321.webp
Gourmet Sambal (500gr);Bahan & Bumbu Masak;7.500;image322.webp
Gourmet Sambal Extra Pedas (500gr);Bahan & Bumbu Masak;9.000;image323.webp
Gourmet Tomat (1kg);Bahan & Bumbu Masak;13.000;image324.webp
Grandco Minyak Goreng (1,8lt);Bahan Pokok & Kering;38.000;image325.webp
Gulaku (1kg);Bahan Pokok & Kering;19.000;image326.webp
Hemato Nugget (250gr);Makanan Beku;11.000;image327.webp
Hemato Nugget (500gr);Makanan Beku;18.000;image328.webp
Hemato Nugget Ayam Stick (400gr);Makanan Beku;18.500;image329.webp
Hemato Nugget Ayam(1kg);Makanan Beku;36.000;image330.webp
Hemato Nugget Hati (500gr);Makanan Beku;19.000;image331.webp
Hemato Nugget Mix(500gr);Makanan Beku;18.000;image332.webp
Hemato Sosis Ayam (40pcs);Makanan Beku;36.000;image333.webp
Hemato Sosis Sapi (500gr);Makanan Beku;18.000;image334.webp
Hemato Sosis Sapi 1kg (40pcs);Makanan Beku;36.500;image335.webp
Hemato Sosis Sapi (375gr);Makanan Beku;15.000;image336.webp
Hemato Sosis Sapi 1Kg (30pcs);Makanan Beku;35.500;image337.webp
ILM Baso Bintang Besar (250gr);Makanan Beku;12.000;image338.webp
ILM Baso Bintang Kecil (250gr);Makanan Beku;12.000;image339.webp
ILM Baso Dumpling Ayam (500gr);Makanan Beku;28.500;image340.webp
ILM Baso Dumpling Keju (500gr);Makanan Beku;28.500;image341.webp
ILM Otak-Otak (500gr);Makanan Beku;26.500;image342.webp
ILM Scalop Premium (500gr);Makanan Beku;23.000;image343.webp
ILM Soki Stick (500gr);Makanan Beku;17.500;image344.webp
ILM Soki Kotak;Makanan Beku;17.500;image345.webp
ILM Tempura (500gr);Makanan Beku;13.000;image346.webp
Indofood Indomie Ayam Bawang (69gr);Bahan Pokok & Kering;3.000;image347.webp
Indofood Indomie Goreng Special (85gr);Bahan Pokok & Kering;3.500;image348.webp
Indofood Kecap Manis (520ml);Bahan Pokok & Kering;17.000;image349.webp
Indofood Racik Bumbu Sayur Asem (33gr);Bahan Pokok & Kering;2.000;image350.webp
Indomie Spageti Spicy Bolognese;Bahan Pokok & Kering;3.500;image351.webp
Indomie Spageti Spicy Carbonara;Bahan Pokok & Kering;3.500;image352.webp
Inti Bumi Kulit Dimsum 8cm;Makanan Beku;7.500;image353.webp
Jamur Enoki New (500gr);Makanan Beku;6.000;image354.webp
Kamil Bakso Sapi (250gr);Makanan Beku;17.000;image355.webp
Kamil Bakso Sapi (750gr);Makanan Beku;48.000;image356.webp
Kamil Sosis Bakar Ori Jumbo (500gr);Makanan Beku;35.500;image357.webp
Kamil Sosis Bakar Ori Mini (500gr);Makanan Beku;32.000;image358.webp
Kanzler Beef Cocktail (250gr);Makanan Beku;28.500;image359.webp
Kanzler Beef Cocktail (500gr);Makanan Beku;55.500;image360.webp
Kanzler Beef Wiener (360gr);Makanan Beku;46.000;image361.webp
Kanzler Cheese Bratwurst (300gr);Makanan Beku;48.000;image362.webp
Kanzler Cheese Cocktail (500gr);Makanan Beku;48.500;image363.webp
Kanzler Chicken Corden Blue (300gr);Makanan Beku;50.500;image364.webp
Kanzler Chicken Crispy Stik (450gr);Makanan Beku;42.000;image365.webp
Kanzler Chicken Nugget Crispy (250gr);Makanan Beku;25.500;image366.webp
Kanzler Chicken Nugget (450gr);Makanan Beku;41.000;image367.webp
Kanzler Crispy Chicken Nugget (120gr);Makanan Beku;13.500;image368.webp
Kanzler Crispy Chicken Nugget (450gr);Makanan Beku;42.000;image369.webp
Kanzler Crispy Chicken Stik (250gr);Makanan Beku;25.000;image370.webp
Kanzler Crispy Spicy Nugget (450gr);Makanan Beku;45.000;image371.webp
Kanzler Single Baso Gochujang (60gr);Makanan Beku;8.000;image372.webp
Kanzler Single Baso Hot (65gr);Makanan Beku;8.000;image373.webp
Kanzler Single Baso Original (65gr);Makanan Beku;8.500;image374.webp
Kanzler Single Gochujang (60gr);Makanan Beku;8.000;image375.webp
Kanzler Single Sosis Keju (65gr);Makanan Beku;8.500;image376.webp
Kanzler Singles Hot (65gr);Makanan Beku;8.000;image377.webp
Kanzler Singles Original (65gr);Makanan Beku;8.000;image378.webp
Kanzler Smok Beef (250gr);Makanan Beku;37.500;image379.webp
Kanzler Sosis Blackpepper Frankfurter (300gr);Makanan Beku;41.000;image380.webp
Kanzler Sosis Cheese Frankfurter (360gr);Makanan Beku;48.500;image381.webp
Kanzler Sosis Frankfurter Cocktail (500gr);Makanan Beku;56.000;image382.webp
Kanzler Sosis Garlic Frankfurter (300gr);Makanan Beku;41.000;image383.webp
Kebab Frozen Pahlawan Spicy 10;Makanan Beku;27.500;image384.webp
Kebab Mozzarella (8pcs);Makanan Beku;27.000;image385.webp
Kecap Asin ABC (135ml);Bahan & Bumbu Masak;4.996;image386.webp
Kiko Saus Sambal (1000);Bahan & Bumbu Masak;11.000;image387.webp
Kimbo Heppi Sosis Ayam Ulir (40pcs);Makanan Beku;33.000;image388.webp
Kimbo Heppii Sosis Bakar Mini (500gr);Makanan Beku;27.000;image389.webp
Kimbo Mini Bratwurst (450gr);Makanan Beku;36.000;image390.webp
Kimbo Mini Bratwust Black Pepper 10 (500gr);Makanan Beku;31.000;image391.webp
Kimbo Mini Bratwust Keju 10 (500gr);Makanan Beku;31.000;image392.webp
Kimbo Sebaguna Cocktai merah Panjang (500gr);Makanan Beku;36.500;image393.webp
Kimbo Sosis Mini Bratwurst '10;Makanan Beku;31.000;image394.webp
Kimbo Sosis Sapi Cocktail (450gr);Makanan Beku;36.000;image395.webp
Kimbo Sosis Sapi Bratwurst (7pcs);Makanan Beku;31.000;image396.webp
King Rolade Ayam (1000gr);Makanan Beku;31.500;image397.webp
King Sosis Ayam 40 (1000gr);Makanan Beku;31.500;image398.webp
Koki Panda Sumpit;Makanan Beku;9.000;image399.webp
Korean Stik  Original (240gr);Makanan Beku;42.500;image400.webp
Korean Stik Pottato (300gr);Makanan Beku;46.000;image401.webp
Kriwilan kebab;Makanan Beku;6.000;image402.webp
Kulit Dimsum Ori (250gr);Makanan Beku;7.500;image403.webp
Kulit Dimsum Warna (250gr);Makanan Beku;7.500;image404.webp
Kulit Lumpia Bose;Makanan Beku;12.500;image405.webp
Kulit Lumpia Purnama;Makanan Beku;6.500;image406.webp
Kulitt Pangsit Kotak;Makanan Beku;4.000;image407.webp
Lewis Bbq  F2 (310gr);Bahan & Bumbu Masak;11.500;image408.webp
Lewis Cheese (250gr);Bahan & Bumbu Masak;13.000;image409.webp
Lewis Chili A4 (500gr);Bahan & Bumbu Masak;7.500;image410.webp
Lewis Chili A4 Pounch (1000gr);Bahan & Bumbu Masak;13.000;image411.webp
Lewis Extra Hot (200gr);Bahan & Bumbu Masak;5.000;image412.webp
Lewis Extra Hot A7 (1kg);Bahan & Bumbu Masak;16.500;image413.webp
Lewis Extra Hot A7 (500gr);Bahan & Bumbu Masak;10.000;image414.webp
Lewis Mayo C1 (1kg);Bahan & Bumbu Masak;26.000;image415.webp
Lewis Mayo C1 (500gr);Bahan & Bumbu Masak;12.500;image416.webp
Lewis Mayo Hot Spicy (1000gr);Bahan & Bumbu Masak;27.000;image417.webp
Lewis Sambal Tempong (200gr);Bahan & Bumbu Masak;16.000;image418.webp
Lewis Spaghetti E3 (310gr);Bahan & Bumbu Masak;11.500;image419.webp
Lewis Tomat B4 (500gr);Bahan & Bumbu Masak;6.500;image420.webp
Lewis tomat pouch (200gr);Bahan & Bumbu Masak;5.500;image421.webp
Lewis Tomato B4 (1Kg);Bahan & Bumbu Masak;12.500;image422.webp
Mabell Mb Single Hot (60gr);Makanan Beku;7.000;image423.webp
Maestro Mayonaise Pouch (180gr);Bahan & Bumbu Masak;10.000;image424.webp
Maestro Mayonaise Pouch Premium (1kg);Bahan & Bumbu Masak;31.500;image425.webp
Maestro Saus Mayo (1kg);Bahan & Bumbu Masak;21.000;image426.webp
Maestro Saus Mayo (500gr);Bahan & Bumbu Masak;12.000;image427.webp
Maestro Thousand Island Stand  Pouch (180gr);Bahan & Bumbu Masak;9.000;image428.webp
Mamasuka Chicken Nugget Crunchy (150gr);Makanan Beku;15.500;image429.webp
Mamasuka Chiken wing Chesee Buldak (200gr);Makanan Beku;28.500;image430.webp
Mamasuka Nugget Ori (400gr);Makanan Beku;35.500;image431.webp
Mamasuka Nugget (150gr);Makanan Beku;13.500;image432.webp
Mamasuka Nugget Crunchy (400gr);Makanan Beku;38.500;image433.webp
Mamasuka Odeng (100gr);Makanan Beku;10.000;image434.webp
Mamasuka Spicy Wings (200gr);Makanan Beku;28.500;image435.webp
Mamayo (500gr);Bahan & Bumbu Masak;16.000;image436.webp
Mamayo Ori (1kg);Bahan & Bumbu Masak;25.000;image437.webp
Mamayo Ori (200gr);Bahan & Bumbu Masak;7.500;image438.webp
Max Max Sosis Selulose Ayam (500gr);Makanan Beku;17.500;image439.webp
Max Shoestring French Fries (1kg);Makanan Beku;32.000;image440.webp
Max Shoestring French Fries (2,5kg);Makanan Beku;72.000;image441.webp
Mayumi Ori (100gr);Bahan & Bumbu Masak;8.000;image442.webp
Mayumi Pedas (100gr);Bahan & Bumbu Masak;9.000;image443.webp
Mazzoni Blackpapper (1kg);Bahan & Bumbu Masak;29.000;image444.webp
Mazzoni Mayo (250gr);Bahan & Bumbu Masak;9.000;image445.webp
Mazzoni Mayo Biru (500gr);Bahan & Bumbu Masak;13.500;image446.webp
Mazzoni Mayo Ori (1kg);Bahan & Bumbu Masak;27.000;image447.webp
Mazzoni Red Hot (1kg);Bahan & Bumbu Masak;18.000;image448.webp
Mazzoni Red Hot (250gr);Bahan & Bumbu Masak;6.500;image449.webp
Mazzoni Red Hot Sachet;Bahan & Bumbu Masak;6.000;image450.webp
Mazzoni Sauce Bbq (1kg);Bahan & Bumbu Masak;31.000;image451.webp
Mazzoni Sauce Bbq (250gr);Bahan & Bumbu Masak;11.000;image452.webp
Mazzoni Sauce Blackpaper (250gr);Bahan & Bumbu Masak;9.000;image453.webp
Mazzoni Teriyaki (1kg);Bahan & Bumbu Masak;28.000;image454.webp
Mazzoni Teriyaki (250gr);Bahan & Bumbu Masak;9.000;image455.webp
Mc Lewis Sweet Mayonaise C8 (1kg);Bahan & Bumbu Masak;23.500;image456.webp
Mie Goreng Sakura (60gr);Bahan Pokok & Kering;2.500;image457.webp
Mie Sakura Seblak Jeletot (60gr);Bahan Pokok & Kering;2.500;image458.webp
Minyak Goreng Rose Brand (2lt);Bahan Pokok & Kering;40.000;image459.webp
Minyak Goreng Tawon (2lt);Bahan Pokok & Kering;40.000;image460.webp
Mirea Cumi Flower (200gr);Makanan Beku;13.000;image461.webp
Mirea Dumpling Ayam (200gr);Makanan Beku;12.000;image462.webp
Mirea Dumpling Keju (200gr);Makanan Beku;12.000;image463.webp
Mirea Fish ball (200gr);Makanan Beku;10.000;image464.webp
Mirea Fish Roll (250gr);Makanan Beku;13.500;image465.webp
Mirea Fish Roll (500gr);Makanan Beku;24.500;image466.webp
Mirea Otak-Otak Ikan (200gr);Makanan Beku;10.000;image467.webp
Mister Max Jumbo Isi 8 (500gr);Makanan Beku;26.000;image468.webp
Mister Max Otak-Otak (250gr);Makanan Beku;13.000;image469.webp
Mister Max Sosis Bakar Ayam 500gr;Makanan Beku;26.000;image470.webp
Mister Max Sosis Bakar Isi 10+2 (500gr);Makanan Beku;26.000;image471.webp
Mister Max sosis coccktai merah (500gr);Makanan Beku;36.000;image472.webp
Mitraku Bakso Aneka Seafood (500gr);Makanan Beku;27.000;image473.webp
Mitraku Bakso Ikan (200gr);Makanan Beku;12.000;image474.webp
Mitraku Bakso Ikan (500gr);Makanan Beku;26.000;image475.webp
Mitraku Bakso Ikan Salmon (250gr);Makanan Beku;16.000;image476.webp
Mitraku Bakso Mix (250gr);Makanan Beku;15.000;image477.webp
Mitraku Bakso Mix (500gr);Makanan Beku;26.500;image478.webp
Mitraku Bakso Salmon (1kg);Makanan Beku;56.000;image479.webp
Mitraku Bakso Salmon (500gr);Makanan Beku;28.500;image480.webp
Mitraku Baso Ikan (1kg);Makanan Beku;56.000;image481.webp
Mitraku Baso Ikan Lobster (1kg);Makanan Beku;53.000;image482.webp
Mitraku Chikuwa Mini (1kg);Makanan Beku;55.000;image483.webp
Mitraku Chikuwa Mini (500gr);Makanan Beku;30.000;image484.webp
Mitraku Dumpling Aneka Rasa (250gr);Makanan Beku;16.500;image485.webp
Mitraku Dumpling Aneka Rasa (500gr);Makanan Beku;32.000;image486.webp
Mitraku Dumpling Ayam (1kg);Makanan Beku;55.000;image487.webp
Mitraku Dumpling Ayam (250gr);Makanan Beku;15.000;image488.webp
Mitraku Dumpling Ayam (500gr);Makanan Beku;55.000;image489.webp
Mitraku Dumpling Bolognese (1kg);Makanan Beku;53.000;image490.webp
Mitraku Dumpling Bolognese (500gr);Makanan Beku;29.000;image491.webp
Mitraku Dumpling Kari (250gr);Makanan Beku;15.000;image492.webp
Mitraku Dumpling Kari (500gr);Makanan Beku;29.000;image493.webp
Mitraku Dumpling Keju (1kg);Makanan Beku;55.000;image494.webp
Mitraku Dumpling Keju (250gr);Makanan Beku;15.000;image495.webp
Mitraku Dumpling Keju (500gr);Makanan Beku;28.500;image496.webp
Mitraku Dumpling Rendang (1kg);Makanan Beku;55.000;image497.webp
Mitraku Dumpling Rendang (500gr);Makanan Beku;29.000;image498.webp
Mitraku Fish Cake Singapore (1kg);Makanan Beku;55.000;image499.webp
Mitraku Fish Cake Singapore (500gr);Makanan Beku;28.000;image500.webp
Mitraku Fish Roll (1kg);Makanan Beku;50000;image501.webp
Mitraku Fish Roll (250gr);Makanan Beku;13000;image502.webp
Mitraku Fish Roll (500gr);Makanan Beku;23000;image503.webp
Mitraku Fish Roll Bbq (500gr);Makanan Beku;23000;image504.webp
Mitraku Fish Tofu (1kg);Makanan Beku;56000;image505.webp
Mitraku Otak-Otak Singapore (1kg);Makanan Beku;55000;image506.webp
Mitraku Scallop (1kg);Makanan Beku;40000;image507.webp
Mitraku Scallop (500gr);Makanan Beku;24000;image508.webp
Mitraku Shrimp Tail (1kg);Makanan Beku;62000;image509.webp
Mitraku Shrimp Tail (450gr);Makanan Beku;28500;image510.webp
Mitraku Siomay (500gr);Makanan Beku;48500;image511.webp
Mizone (500ml);Minuman Kemasan;6000;image512.webp
Molto Parfum Boost Elegant Raspberry (11ml);Kebutuhan Rumah Tangga;500;image513.webp
Molto Farfum Protect Morning Fresh (10ml);Kebutuhan Rumah Tangga;500;image514.webp
Molto Parfum Boost Elegant Raspbery (18ml);Kebutuhan Rumah Tangga;1000;image515.webp
Molto Parfum Boost Korean Straw (11ml);Kebutuhan Rumah Tangga;500;image516.webp
Molto Parfum Protect Sunshine Bloomy (18ml);Kebutuhan Rumah Tangga;1000;image517.webp
Molto Pure Soft&Gen (18ml);Kebutuhan Rumah Tangga;1000;image518.webp
Murateku Dumpling Ayam (500gr);Makanan Beku;30500;image519.webp
Mydibel Shoestring (1kg);Makanan Beku;38500;image520.webp
Mydibel Shoestring (500gr);Makanan Beku;20500;image521.webp
Mydibel Shoestring Transp (2,5kg);Makanan Beku;92500;image522.webp
Nori Java (10pcs);Bahan Pokok & Kering;28000;image523.webp
Nori Rumput Laut Mamasuka (250gr);Bahan Pokok & Kering;12500;image524.webp
Okey Chicken Sausage (500gr);Makanan Beku;23500;image525.webp
Okey Burger Mini Daging Sapi & Ayam (280gr);Makanan Beku;10500;image526.webp
Okey Chicken Sausage (1kg);Makanan Beku;45000;image527.webp
Okey Chicken Stick (500gr);Makanan Beku;23500;image528.webp
Okey Nugget (500gr);Makanan Beku;23500;image529.webp
Okey Sosis Bakar Jumbo (500gr);Makanan Beku;29500;image530.webp
Okey Sosis Bakar Mini (500gr);Makanan Beku;29500;image531.webp
Pak Kumiz Da50 (50pcs);Makanan Beku;45000;image532.webp
Pak Kumiz Gt05 (5pcs);Makanan Beku;29000;image533.webp
Pak Kumiz Ip25 (25pcs);Makanan Beku;15000;image534.webp
Pak Kumiz Lt50 (50pcs);Makanan Beku;36000;image535.webp
Pak Kumiz Mt10 (10pcs);Makanan Beku;14000;image536.webp
Pak Kumiz Mt50 (50pcs);Makanan Beku;46000;image537.webp
Pak Kumiz Pm10 (10pcs);Makanan Beku;15000;image538.webp
Pak Kumiz Pm50 (50pcs);Makanan Beku;57000;image539.webp
Pak Kumiz Pt10 (10pcs);Makanan Beku;19000;image540.webp
Pak Kumiz Pt40 (40pcs);Makanan Beku;62000;image541.webp
Pak Kumiz Ts25 (25pcs);Makanan Beku;38000;image542.webp
Pak Kumiz Un25 (25pcs);Makanan Beku;15000;image543.webp
Panglima Bakso (50pcs);Makanan Beku;27500;image544.webp
Pelangi Donat Mini 20 (500gr);Bahan Kue & Dessert;19000;image545.webp
Pelangi Jelly (500gr);Bahan Kue & Dessert;8000;image546.webp
Pelangi Jelly Bubble Mini Rasa Leci (500gr);Bahan Kue & Dessert;13000;image547.webp
Pelangi Minipo Coklat (500gr);Bahan Kue & Dessert;15000;image548.webp
Pelangi Minipo Pandan (500gr);Bahan Kue & Dessert;15000;image549.webp
Pelangi Minipo Strawberry (500gr);Bahan Kue & Dessert;15000;image550.webp
Pelangi Minipo Vanila (500gr);Bahan Kue & Dessert;15000;image551.webp
Pepsodent Sikat Gigi 5Star;Kebutuhan Rumah Tangga;5000;image552.webp
Pepsodent White Pasta Gigi (120gr);Kebutuhan Rumah Tangga;10000;image553.webp
Pepsodent White Pasta Gigi (190gr);Kebutuhan Rumah Tangga;14000;image554.webp
Perfectio  Sosis Ayam Bakar (500gr);Makanan Beku;28500;image555.webp
Perfectio Chicken Karage (250gr);Makanan Beku;22500;image556.webp
Perfectio Chicken Karage (500gr);Makanan Beku;43000;image557.webp
Perfectio Chicken Skin (300gr);Makanan Beku;26500;image558.webp
Perfectio Nugget Vanfood (250gr);Makanan Beku;10000;image559.webp
Perfectio Nugget Vanfood (500gr);Makanan Beku;18500;image560.webp
Perfetto Keju Mozarella (250gr);Produk Dairy & Olahan Lain;36000;image561.webp
Prima Agung Saus Mentai (1000g);Bahan & Bumbu Masak;50000;image562.webp
Prima Agung Saus Mentai (100g);Bahan & Bumbu Masak;11000;image563.webp
Prima Agung Saus Mentai (250g);Bahan & Bumbu Masak;20500;image564.webp
Prima Agung Saus Mentai (500g);Bahan & Bumbu Masak;31000;image565.webp
Prima Tahu Bakso (250gr);Makanan Beku;14500;image566.webp
Qarmel Kebab Ori (10pcs);Makanan Beku;24000;image567.webp
Qarmel Kebab Spicy (10pcs);Makanan Beku;25500;image568.webp
Refina Beras Premium (5kg);Bahan Pokok & Kering;75000;image569.webp
Refina Garam Meja (250gr);Bahan Pokok & Kering;4000;image570.webp
Rice Paper (10Sht);Bahan Pokok & Kering;12000;image571.webp
Rinso Anti Noda + Molto Rose Fresh Paw (40gr);Kebutuhan Rumah Tangga;1000;image572.webp
Rinso Anti Noda + Molto Rose Fresh Paw (770gr);Kebutuhan Rumah Tangga;20000;image573.webp
Rinso Anti Noda Rose Liquid (40gr);Kebutuhan Rumah Tangga;1000;image574.webp
Rinso Anti Noda+ Molto Farfum Ess Paw (40gr);Kebutuhan Rumah Tangga;1000;image575.webp
Rinso Anti Noda+ Molto Rose Fresh Liq (700ml);Kebutuhan Rumah Tangga;19000;image576.webp
Rinso Anti Noda + Molto Classic Fresh Paw (40gr);Kebutuhan Rumah Tangga;1000;image577.webp
Rinso Anti Noda Classic Fresh Liquid (40gr);Kebutuhan Rumah Tangga;1000;image578.webp
Rinso Anti Noda Parfum Ess Liquid (20gr);Kebutuhan Rumah Tangga;500;image579.webp
Rinso Anti Noda Farfum Ess Liquid (40gr);Kebutuhan Rumah Tangga;1000;image580.webp
Rojolele Beras (5kg);Bahan Pokok & Kering;70000;image581.webp
Rose Brand Gula (1kg);Bahan Pokok & Kering;18000;image582.webp
Rose Brand Margarine (200gr);Bahan Pokok & Kering;5500;image583.webp
Rose Brand Santan Kelapa (65ml);Bahan & Bumbu Masak;5000;image584.webp
Royco Kaldu Rasa Ayam(8gr);Bahan & Bumbu Masak;500;image585.webp
Royco Kaldu Rasa Ayam(94gr);Bahan & Bumbu Masak;7000;image586.webp
Royco Kaldu Rasa Sapi (8gr);Bahan & Bumbu Masak;500;image587.webp
Royco Kaldu Rasa Sapi (94gr);Bahan & Bumbu Masak;7000;image588.webp
Sajiku Golden Crispy (200gr);Bahan & Bumbu Masak;6500;image589.webp
Sajiku Tepung Bumbu (220gr);Bahan & Bumbu Masak;6500;image590.webp
Sakana Dimsum Ayam (250gr);Makanan Beku;19000;image591.webp
Sakana Egg Roll;Makanan Beku;18500;image592.webp
Sakana Lumpia Ikan (500gr);Makanan Beku;25000;image593.webp
Sakana Otak-Otak (250gr);Makanan Beku;12500;image594.webp
Sakana Otak-Otak Panjang (500gr);Makanan Beku;21000;image595.webp
Sakana Pempek Lenjer (500gr);Makanan Beku;25000;image596.webp
Sakana Pempek Selam Kecil (500gr);Makanan Beku;30000;image597.webp
Sakana Siomay (500gr);Makanan Beku;26000;image598.webp
Sakana Siomay Ayam Gyoza (250gr);Makanan Beku;18000;image599.webp
Sakana Siomay Mini (250gr);Makanan Beku;15000;image600.webp
Sakana Tahu Bakso Ikan (500gr);Makanan Beku; 25.000 ;image601.webp
Salam Bakso Ayam (500gr);Makanan Beku; 18.500 ;image602.webp
Salam Bakso Ayam Kerikil (500gr);Makanan Beku; 18.000 ;image603.webp
Salam Bakso Sapi (500gr);Makanan Beku; 22.000 ;image604.webp
Salam Kornet Ayam Koin (500gr);Makanan Beku; 20.000 ;image605.webp
Salam Kornet Ayam Kotak (450gr);Makanan Beku; 18.000 ;image606.webp
Salam Nugget Ayam (1kg);Makanan Beku; 36.000 ;image607.webp
Salam Nugget Ayam (250gr);Makanan Beku; 11.000 ;image608.webp
Salam Nugget Ayam (500gr);Makanan Beku; 18.500 ;image609.webp
Salam Nugget Hati (500gr);Makanan Beku; 18.500 ;image610.webp
Salam Nugget Stick (250gr);Makanan Beku; 11.000 ;image611.webp
Salam Nugget Stick (500gr);Makanan Beku; 18.500 ;image612.webp
Salam Scallop Ayam (500gr);Makanan Beku; 20.000 ;image613.webp
Salam Sosis Ayam (375gr);Makanan Beku; 15.000 ;image614.webp
Salam Sosis Ayam (500gr);Makanan Beku; 18.000 ;image615.webp
Salam Sosis Ayam Long (1kg);Makanan Beku; 35.000 ;image616.webp
Salam Sosis Ayam Merah (500gr);Makanan Beku; 17.500 ;image617.webp
Salam Sosis Ayam Merah 40 (1kg);Makanan Beku; 35.000 ;image618.webp
Salam Sosis Ayam Short (1kg);Makanan Beku; 35.000 ;image619.webp
Salam Sosis Bakar Jumbo (500gr);Makanan Beku; 28.500 ;image620.webp
Salam Sosis Bakar kombinasi Jumbo 8 (600gr);Makanan Beku; 29.000 ;image621.webp
Salam Sosis Bakar Kombinasi Mini (500gr);Makanan Beku; 28.500 ;image622.webp
Salam Sosis Sapi Long (500gr);Makanan Beku; 19.000 ;image623.webp
Saori Saos Teriyaki (135ml);Bahan & Bumbu Masak; 10.500 ;image624.webp
Saori Saos Teriyaki (1ltr);Bahan & Bumbu Masak; 57.000 ;image625.webp
Saori Saos Teriyaki (275ml);Bahan & Bumbu Masak; 19.500 ;image626.webp
Saori Saos Tiram (133ml);Bahan & Bumbu Masak; 10.500 ;image627.webp
Saori Saos Tiram (1ltr);Bahan & Bumbu Masak; 53.000 ;image628.webp
Saori Saos Tiram (270ml);Bahan & Bumbu Masak; 19.500 ;image629.webp
Sariwangi Teh Asli Celup (25ktg);Minuman Kemasan; 7.000 ;image630.webp
Seafood Curah;Makanan Beku; 60.000 ;image631.webp
Shaka Beef Slice (500gr);Makanan Beku; 55.000 ;image632.webp
Shaka Beef Slice Low Fat (500gr);Makanan Beku; 58.000 ;image633.webp
Slice Dada Ayam (500gr);Makanan Beku; 33.500 ;image634.webp
So Eco Nugget Ayam (1kg);Makanan Beku; 33.500 ;image635.webp
So Eco Nugget Ayam (500gr);Makanan Beku; 17.500 ;image636.webp
So Eco Sosis Merah (750gr);Makanan Beku; 25.500 ;image637.webp
SO Nice Nugget (250gr);Makanan Beku; 14.000 ;image638.webp
SO Nice Nugget (500gr);Makanan Beku; 22.000 ;image639.webp
SO Nice Nugget Stick (500gr);Makanan Beku; 22.000 ;image640.webp
SO Nice Sosis (1kg);Makanan Beku; 33.000 ;image641.webp
SO Nice Sosis (375gr);Makanan Beku; 15.500 ;image642.webp
SO Nice Stick (250gr);Makanan Beku; 14.000 ;image643.webp
Sumpit Import;Kebutuhan Rumah Tangga; 9.000 ;image644.webp
Sunfish Bakso Ikan isi 50 (500gr);Makanan Beku; 25.000 ;image645.webp
Sunfish Bakso Rebus Mix (500gr);Makanan Beku; 28.000 ;image646.webp
Sunfish Bakso Salmon (500gr);Makanan Beku; 29.000 ;image647.webp
Sunfish Chikuwa Long (500gr);Makanan Beku; 27.000 ;image648.webp
Sunfish Chikuwa Mini (500gr);Makanan Beku; 27.000 ;image649.webp
Sunfish Crab Stick (1kg);Makanan Beku; 52.000 ;image650.webp
Sunfish Crab Stick (250gr);Makanan Beku; 16.000 ;image651.webp
Sunfish Crab Stik (500gr);Makanan Beku; 28.000 ;image652.webp
Sunfish Dumpling Cheese (500gr);Makanan Beku; 27.000 ;image653.webp
Sunfish Dumpling Chicken (500gr);Makanan Beku; 27.000 ;image654.webp
Sunfish Dumpling Matcha;Makanan Beku; 29.000 ;image655.webp
Sunfish Ekor Udang (450gr);Makanan Beku; 29.500 ;image656.webp
Sunfish Fish Ball isi 25 (500gr);Makanan Beku; 24.000 ;image657.webp
Sunfish Fish Roll (1kg);Makanan Beku; 51.000 ;image658.webp
Sunfish Fish Roll (250gr);Makanan Beku; 13.500 ;image659.webp
Sunfish Fish Roll (500gr);Makanan Beku; 25.000 ;image660.webp
Sunfish Hati Ikan (500gr);Makanan Beku; 23.000 ;image661.webp
Sunfish Kaki Naga (500gr);Makanan Beku; 18.000 ;image662.webp
Sunfish Kembang Cumi (500gr);Makanan Beku; 29.000 ;image663.webp
Sunfish Kue Ikan (500gr);Makanan Beku; 23.000 ;image664.webp
Sunfish Narutomaki (500gr);Makanan Beku; 25.000 ;image665.webp
Sunfish Olahan Odeng Korea (500gr);Makanan Beku; 24.000 ;image666.webp
Sunfish Otak-Otak 10' (500gr);Makanan Beku; 22.000 ;image667.webp
Sunfish Otak-Otak 20 (500gr);Makanan Beku; 22.000 ;image668.webp
Sunfish Otak-Otak 40' (500gr);Makanan Beku; 23.000 ;image669.webp
Sunfish Shrimp Roll (500gr);Makanan Beku; 25.000 ;image670.webp
Sunlight Jeruk Nipis 100 (375ml);Kebutuhan Rumah Tangga; 8.000 ;image671.webp
Sunlight Jeruk Nipis 100 (640ml);Kebutuhan Rumah Tangga; 11.500 ;image672.webp
SuperPel Japan Apple&Peony (770ml);Kebutuhan Rumah Tangga; 13.500 ;image673.webp
Superpel Lemon (770ml);Kebutuhan Rumah Tangga; 13.500 ;image674.webp
Tamma Daging Kebab (2kg) TT;Makanan Beku; 123.000 ;image675.webp
Tamma Daging Kebab Sapi (1kg);Makanan Beku; 61.500 ;image676.webp
Tamma Daging Kebab Sapi (2kg) DT;Makanan Beku; 127.000 ;image677.webp
Tamma Kebab Choco Caramel (10pcs);Makanan Beku; 27.500 ;image678.webp
Tamma Kebab Original (10pcs);Makanan Beku; 26.000 ;image679.webp
Tamma Kebab Spicy (10pcs);Makanan Beku; 27.000 ;image680.webp
Tamma Maryam Coklat (5pcs);Makanan Beku; 24.000 ;image681.webp
Tamma Maryam Original (5pcs);Makanan Beku; 16.500 ;image682.webp
Tamma Tortilla Besar (25cm);Makanan Beku; 27.000 ;image683.webp
Tamma Tortilla Catering (17cm);Makanan Beku; 20.000 ;image684.webp
Tamma Tortilla Mini (20cm);Makanan Beku; 22.500 ;image685.webp
Tamma Tortilla Sedang (23cm);Makanan Beku; 24.500 ;image686.webp
Tasty  Max Gold Brats Cocktail (500gr);Makanan Beku; 35.500 ;image687.webp
Tasty Max Brats Ori (500gr);Makanan Beku; 33.000 ;image688.webp
Tasty Max Gold Brats Keju (500gr);Makanan Beku; 37.000 ;image689.webp
Tasty Max Gold Brats Lada Hitam;Makanan Beku; 34.000 ;image690.webp
Tasty Max Gold Brats Mini Ori;Makanan Beku; 33.000 ;image691.webp
Tasty Meat Slice Lemak (450gr);Makanan Beku; 55.000 ;image692.webp
Tasty Meat Suki Low Fat (450gr);Makanan Beku; 54.000 ;image693.webp
Teman Laut Bakso Ikan (500gr);Makanan Beku; 20.000 ;image694.webp
Teman Laut Bakso Udang (500gr);Makanan Beku; 20.000 ;image695.webp
Teman Laut Coin Mushroom (500gr);Makanan Beku; 21.000 ;image696.webp
Teman Laut Coin Star (500gr);Makanan Beku; 21.000 ;image697.webp
Tepung Beras Pak Tani (500gr);Bahan Pokok & Kering; 8.500 ;image698.webp
Tepung Beras Rose Brand (500gr);Bahan Pokok & Kering; 8.500 ;image699.webp
Tepung Maizena Rose Brand (250gr);Bahan Pokok & Kering; 5.000 ;image700.webp
Tomyum Bamboe (60gr);Bahan & Bumbu Masak; 10.000 ;image701.webp
Topi Koki Beras (5kg);Bahan Pokok & Kering; 75.000 ;image702.webp
Totole Kaldu Jamur (40gr);Bahan & Bumbu Masak; 7.500 ;image703.webp
Totole Kaldu Jamur (80gr);Bahan & Bumbu Masak; 14.000 ;image704.webp
Tusuk Pentol Koki Panda (150gr);Kebutuhan Rumah Tangga; 5.000 ;image705.webp
Tusuk Pentol Koki Panda (180gr);Kebutuhan Rumah Tangga; 5.000 ;image706.webp
Tusuk Sate Koki Panda (400gr);Kebutuhan Rumah Tangga; 10.000 ;image707.webp
"Udang Kupas ""S"" (500gr)";Makanan Beku; 42.500 ;image708.webp
Uenaak Coin Nugget UMM (250gr);Makanan Beku; 14.000 ;image709.webp
Umiami Kornet Ayam (500gr);Makanan Beku; 17.500 ;image710.webp
Umiami Kornet Sapi (500gr);Makanan Beku; 17.500 ;image711.webp
Umiami Minipao Ayam (500gr);Makanan Beku; 14.000 ;image712.webp
Umiami Minipao Coklat (500gr);Makanan Beku; 14.000 ;image713.webp
Umiami Minipao Sapi (500gr);Makanan Beku; 14.000 ;image714.webp
Umiami Minipao Strawberry (500gr);Makanan Beku; 14.000 ;image715.webp
Umiami Siomay (15pcs);Makanan Beku; 19.500 ;image716.webp
Umiami Siomay (60pcs);Makanan Beku; 41.500 ;image717.webp
Vigo Bakso Ayam 50;Makanan Beku; 18.500 ;image718.webp
Vigo Bakso Mercon (50pcs);Makanan Beku; 31.000 ;image719.webp
Vigo Bakso Sapi (50pcs);Makanan Beku; 21.000 ;image720.webp
Vigo Baso Ayam Kerikil (500gr);Makanan Beku; 17.000 ;image721.webp
Vigo Sosis Ayam Ulir Panjang 15 (500gr);Makanan Beku; 18.000 ;image722.webp
Vigo Sosis Bakar Jumbo (7pcs);Makanan Beku; 26.000 ;image723.webp
Vigo Sosis Bakar Mini (12pcs);Makanan Beku; 26.000 ;image724.webp
Vigo Sosis Sapi 15' (375gr);Makanan Beku; 13.500 ;image725.webp
Vigo Sosis SP (30pcs);Makanan Beku; 26.000 ;image726.webp
VIT Air Mineral (330ml);Minuman Kemasan; 2.000 ;image727.webp
VIT Air Mineral (550ml);Minuman Kemasan; 3.500 ;image728.webp
Vitalia Burger (250gr);Makanan Beku; 9.500 ;image729.webp
Vitalia Burger (280gr);Makanan Beku; 10.500 ;image730.webp
Vitalia Nugget (250gr);Makanan Beku; 11.000 ;image731.webp
Warisan Bakso AB (25pcs);Makanan Beku; 15.000 ;image732.webp
Warisan Bakso AB (50pcs);Makanan Beku; 28.000 ;image733.webp
Warisan Bakso BMS (25pcs);Makanan Beku; 22.000 ;image734.webp
Warisan Bakso BMSK (50pcs);Makanan Beku; 22.000 ;image735.webp
Warisan Bakso Ayam (50pcs);Makanan Beku; 25.000 ;image736.webp
Warisan Bakso Sapi (600gr);Makanan Beku; 22.000 ;image737.webp
Warisan Bakso Super M (50pcs);Makanan Beku; 25.000 ;image738.webp
Warisan Bakso Urat (50pcs);Makanan Beku; 27.000 ;image739.webp
Yogurt Stick Long;Produk Dairy & Olahan Lain; 12.000 ;image740.webp
Yogurt Stick Short;Produk Dairy & Olahan Lain; 11.500 ;image741.webp
Yona Beef Patties (500gr);Makanan Beku; 41.000 ;image742.webp
Yona Nugget Ayam Hati (500gr);Makanan Beku; 35.000 ;image743.webp
Yona Sosis Bakar Jumbo (500gr);Makanan Beku; 35.000 ;image744.webp
Yona Sosis SP Bakar Mini (500gr);Makanan Beku; 36.000 ;image745.webp
Zaitun Chicken Karage (500gr);Makanan Beku; 43.000 ;image746.webp
Zaitun Chicken Katsu (500gr);Makanan Beku; 41.000 ;image747.webp
Zaitun Crispy Crunch (250gr);Makanan Beku; 18.500 ;image748.webp
Zaitun Crispy Nugget (400gr);Makanan Beku; 34.500 ;image749.webp
Zaitun Crispy Nugget (250gr);Makanan Beku; 22.000 ;image750.webp
Zaitun Crispy Nugget (500gr);Makanan Beku; 41.000 ;image751.webp
Zaitun Sosis Beef Breakfast (500gr);Makanan Beku; 72.000 ;image752.webp
Zaitun Spicy Wing (500gr);Makanan Beku; 45.500 ;image753.webp
Zaitun Stikie Cheese (500gr);Makanan Beku; 39.000 ;image754.webp
